currency,rate_to_eur,rate_to_local
EUR,1.000000,1.00
GBP,1.000000,1.15
NOK,0.086957,11.00
SEK,0.083333,11.90
DKK,0.135135,1.00
CHF,1.075269,1.00
